Workbook

Sheet Daftar & Kamus Data
B2: DATABASE OPERASIONAL & TELEMETRI SCADA
B3: PT. Pionir Nusantara Sukses - Bulk Mixing & Drying Plant (20 Ton/Jam)
B5: No | C5: Nama Tabel | D5: Kategori Entitas | E5: Jumlah Kolom | F5: Jumlah Data | G5: Deskripsi Fungsional
B6: 1 | C6: master_bahan_baku | D6: Master Reference | E6: 10 | F6: 10 | G6: Katalog bahan baku, densitas ruah (Bulk Density), formulasi (80:15:5), harga beli & safety stock.
B7: 2 | C7: master_fasilitas_storage | D7: Master Reference | E7: 10 | F7: 10 | G7: Spesifikasi fisik stockpile (134.4T & 120.96T), tangki aditif, rotary dryer, dan Bin Silo 72 m³.
B8: 3 | C8: log_logistik_inbound | D8: Transactional Fact | E8: 12 | F8: 10 | G8: Pencatatan ritase truk tronton bahan mentah masuk (@ 30T), jembatan timbang, dan alokasi bay stockpile.
B9: 4 | C9: log_logistik_outbound | D9: Transactional Fact | E9: 12 | F9: 10 | G9: Pencatatan pengiriman truk produk jadi dari Bin Silo (ritme 2 jam), surat jalan, dan buffer level.
B10: 5 | C10: telemetri_produksi_scada | D10: Time-Series Telemetry | E10: 12 | F10: 10 | G10: Data sensor SCADA per jam: Tonase output (target 20 T/h), suhu rotary dryer (°C), MMBTU gas, dan kWh PLN.
B11: 6 | C11: biaya_siklus_hpp | D11: Financial Analytics | E11: 14 | F11: 10 | G11: Kalkulasi biaya per shift: Bahan baku, komparasi energi PGN vs CNG, listrik, solar forklift, SDM & HPP/Ton.
B12: 7 | C12: insiden_downtime_bottleneck | D12: Incident & Loss Fact | E12: 12 | F12: 10 | G12: Pencatatan kejadian bottleneck (Truk Macet, Mesin Rusak, Lampu Mati), biaya SDM menganggur, penalti burner & lost margin.
B13: 8 | C13: rekap_kinerja_eksekutif | D13: Executive KPI Summary | E13: 13 | F13: 10 | G13: KPI harian Direksi: Output kumulatif, capaian target shift (140T), efisiensi PGN bulanan, kerugian harian, dan progres BEP Capex Rp 5.15 M.
B16: PARAMETER BENCHMARK TEKNIS & FINANSIAL PABRIK (EXCEL AUDIT):
B17: Kapasitas Desain Pabrik | C17: 20.00 Ton / Jam (140.00 Ton per shift 7 jam)
B18: Target Bulanan | C18: 3,500.00 Ton (25 Hari Kerja) s.d. 4,200.00 Ton (30 Hari Kerja)
B19: Komposisi Formulasi | C19: 80% Bentonite (BJ 0.8) | 15% Calsium Carbonate (BJ 2.8) | 5% Soda Ash (BJ 1.13)
B20: Daya Tampung Stockpile 1 (Bentonite) | C20: 134.40 Ton (Habis dalam 8.40 Jam Operasi Penuh jika pasokan terputus)
B21: Daya Tampung Stockpile 2 (Calsium) | C21: 120.96 Ton (Habis dalam 40.32 Jam Operasi Penuh)
B22: Kapasitas Bin Silo Produk Akhir | C22: 72.00 m³ (65.58 s.d. 86.40 Ton) -> Buffer holding time: 3.28 s.d. 4.32 Jam
B23: Ritme Pengiriman Produk Jadi | C23: Wajib loading truk (@ 30 Ton) setiap 2 jam sekali agar Silo tidak meluap
B24: Disparitas Energi PGN vs CNG | C24: PGN $13.00/MMBTU (Rp 79,930/t) vs CNG $15.15/MMBTU (Rp 95,301/t) -> Hemat Rp 53.8 Juta/Bulan
B25: Biaya Investasi Awal (Capex) | C25: Rp 5,150,000,000 (Target Balik Modal BEP: 4.7 s.d. 12.3 Bulan)
B26: Beban SDM Shift Menganggur | C26: Rp 382,143 per jam downtime (Alokasi 10 personil operasional = Rp 66,875,000/bulan)

Sheet master_bahan_baku
A1: TABEL: MASTER_BAHAN_BAKU
A2: id_bahan | B2: nama_bahan | C2: kategori | D2: bulk_density_t_m3 | E2: persentase_formula_pct | F2: harga_satuan_rp_kg | G2: satuan_standar | H2: safety_stock_ton | I2: lead_time_hari | J2: supplier_utama
A3: RM-BEN-01 | B3: Bentonite Clay Curah | C3: Bahan Baku Utama | D3: 0.8 | E3: 80 | F3: 3650 | G3: Kg | H3: 50 | I3: 1 | J3: PT. Indo Mineral Resources
A4: RM-CAL-02 | B4: Calsium Carbonate (CaCO3) | C4: Bahan Baku Utama | D4: 2.8 | E4: 15 | F4: 2750 | G4: Kg | H4: 30 | I4: 3 | J4: PT. Padalarang Kalsium Nusantara
A5: RM-SDA-03 | B5: Soda Ash Dense (Na2CO3) | C5: Aditif Aktivasi | D5: 1.13 | E5: 5 | F5: 5000 | G5: Kg | H5: 10 | I5: 7 | J5: PT. Solvay Alkali Indonesia
A6: RM-SDAL-04 | B6: Soda Ash Light | C6: Aditif Alternatif | D6: 0.65 | E6: 0 | F6: 5200 | G6: Kg | H6: 5 | I6: 7 | J6: PT. Kimia Aditif Pratama
A7: RM-QCK-05 | B7: Quicklime (CaO Active) | C7: Aditif Stabilizer | D7: 1.05 | E7: 0 | F7: 3100 | G7: Kg | H7: 10 | I7: 4 | J7: PT. Gamping Mas Sejahtera
A8: RM-KAO-06 | B8: Kaolin Powder | C8: Binder Sekunder | D8: 1.2 | E8: 0 | F8: 2900 | G8: Kg | H8: 15 | I8: 5 | J8: PT. Kaolin Bumi Sriwijaya
A9: PK-JMB-07 | B9: Jumbo Bag 1 Ton Polypropylene | C9: Kemasan | D9: 0 | E9: 0 | F9: 85000 | G9: Pcs | H9: 500 | I9: 10 | J9: PT. Polychem Kemas Lestari
A10: PK-PLT-08 | B10: Palet Kayu ISPM 15 Standar | C10: Penyangga | D10: 0 | E10: 0 | F10: 125000 | G10: Pcs | H10: 200 | I10: 14 | J10: PT. Palet Kreasi Mandiri
A11: EN-PGN-09 | B11: Gas Alam Pipa (PGN $13/MMBTU) | C11: Energi Burner | D11: 0 | E11: 0 | F11: 234000 | G11: MMBTU | H11: 1500 | I11: 0 | J11: PT. Perusahaan Gas Negara
A12: EN-CNG-10 | B12: Compressed Natural Gas ($15.15) | C12: Energi Cadangan | D12: 0 | E12: 0 | F12: 279000 | G12: MMBTU | H12: 1500 | I12: 1 | J12: PT. CNG Hilir Utama

Sheet master_fasilitas_storage
A1: TABEL: MASTER_FASILITAS_STORAGE
A2: id_fasilitas | B2: nama_fasilitas | C2: tipe_aset | D2: dimensi_pxlxt_m | E2: volume_m3 | F2: kapasitas_maks_ton | G2: buffer_time_jam | H2: lokasi_plant | I2: daya_listrik_kw | J2: status_operasional
A3: ST-SP-01 | B3: Stockpile 1 (Bentonite Curah) | C3: Stockpile Yard | D3: 18 x 6 x 3 | E3: 324 | F3: 134.4 | G3: 8.4 | H3: Yard Utara (Bay 1) | I3: 0 | J3: Aktif
A4: ST-SP-02 | B4: Stockpile 2 (Calsium Curah) | C4: Stockpile Yard | D4: 6 x 6 x 3 | E4: 108 | F4: 120.96 | G4: 40.32 | H4: Yard Utara (Bay 2) | I4: 0 | J4: Aktif
A5: ST-TK-03 | B5: Tangki Dosing Soda Ash | C5: Dosing Tank | D5: Dia 3 x 4 | E5: 28.26 | F5: 31.93 | G5: 31.93 | H5: Batching Plant Area | I5: 5.5 | J5: Aktif
A6: EQ-FL-01 | B6: Forklift Diesel Komatsu 3 Ton | C6: Transport Unit | D6: 3.5 x 1.2 x 2.1 | E6: 0 | F6: 3 | G6: 0 | H6: Yard ke Hopper | I6: 35 | J6: Aktif
A7: EQ-HP-01 | B7: Hopper & Weight Feeder | C7: Continuous Feeder | D7: 4 x 3 x 3.5 | E7: 30 | F7: 25 | G7: 1.25 | H7: Lantai Feeding | I7: 15 | J7: Aktif
A8: EQ-RD-01 | B8: Rotary Drum Dryer 20 T/h | C8: Reaktor Pengering | D8: 18 x Dia 2.5 | E8: 88.35 | F8: 20 | G8: 1 | H8: Furnace Area | I8: 55 | J8: Aktif
A9: EQ-BN-01 | B9: Dual-Fuel Burner (PGN/CNG) | C9: Pemanas Burner | D9: 2 x 1.5 x 1.5 | E9: 0 | F9: 0 | G9: 0 | H9: Ruang Pembakaran | I9: 7.5 | J9: Aktif
A10: EQ-CV-01 | B10: Conveyor Belt System (1-4) | C10: Belt Conveyor | D10: 45 x 0.8 x 0.5 | E10: 0 | F10: 25 | G10: 0 | H10: Jalur Dryer-Silo | I10: 18.5 | J10: Aktif
A11: ST-SL-01 | B11: Bin Silo Produk Akhir | C11: Storage Silo | D11: Dia 4 x 6 | E11: 72 | F11: 86.4 | G11: 4.32 | H11: Outbound Loading Bay | I11: 11 | J11: Aktif
A12: EQ-WB-01 | B12: Jembatan Timbang Truk 60 Ton | C12: Timbangan | D12: 16 x 3.2 x 0.5 | E12: 0 | F12: 60 | G12: 0 | H12: Pintu Gerbang Utama | I12: 3 | J12: Aktif

Sheet log_logistik_inbound
A1: TABEL: LOG_LOGISTIK_INBOUND
A2: id_inbound | B2: no_surat_jalan | C2: id_bahan | D2: no_polisi_truk | E2: nama_transporter | F2: waktu_timbang_masuk | G2: waktu_selesai_bongkar | H2: berat_bruto_kg | I2: berat_tara_kg | J2: berat_netto_ton | K2: id_fasilitas_tujuan | L2: status_qc
A3: INB-261001-01 | B3: SJ-IMR-88901 | C3: RM-BEN-01 | D3: B 9421 UYT | E3: PT. Lintas Logistik Prima | F3: 2026-10-01 06:15:00 | G3: 2026-10-01 07:05:00 | H3: 44250 | I3: 14200 | J3: 30.05 | K3: ST-SP-01 | L3: PASSED
A4: INB-261001-02 | B4: SJ-IMR-88902 | C4: RM-BEN-01 | D4: B 9112 PKO | E4: PT. Lintas Logistik Prima | F4: 2026-10-01 07:45:00 | G4: 2026-10-01 08:30:00 | H4: 44180 | I4: 14150 | J4: 30.03 | K4: ST-SP-01 | L4: PASSED
A5: INB-261001-03 | B5: SJ-PKN-45120 | C5: RM-CAL-02 | D5: D 9833 KLA | E5: CV. Sumber Kalsium Abadi | F5: 2026-10-01 08:30:00 | G5: 2026-10-01 09:20:00 | H5: 45100 | I5: 15020 | J5: 30.08 | K5: ST-SP-02 | L5: PASSED
A6: INB-261001-04 | B6: SJ-IMR-88903 | C6: RM-BEN-01 | D6: B 9554 TYA | E6: PT. Lintas Logistik Prima | F6: 2026-10-01 09:40:00 | G6: 2026-10-01 10:25:00 | H6: 44320 | I6: 14310 | J6: 30.01 | K6: ST-SP-01 | L6: PASSED
A7: INB-261001-05 | B7: SJ-SOL-11029 | C7: RM-SDA-03 | D7: L 8120 UVY | E7: PT. Samudera Kimia Trans | F7: 2026-10-01 10:15:00 | G7: 2026-10-01 11:00:00 | H7: 28500 | I7: 8500 | J7: 20 | K7: ST-TK-03 | L7: PASSED
A8: INB-261001-06 | B8: SJ-IMR-88904 | C8: RM-BEN-01 | D8: B 9230 ZXT | E8: PT. Lintas Logistik Prima | F8: 2026-10-01 11:30:00 | G8: 2026-10-01 12:20:00 | H8: 44290 | I8: 14240 | J8: 30.05 | K8: ST-SP-01 | L8: PASSED
A9: INB-261001-07 | B9: SJ-IMR-88905 | C9: RM-BEN-01 | D9: B 9771 MNQ | E9: PT. Lintas Logistik Prima | F9: 2026-10-01 13:15:00 | G9: 2026-10-01 14:05:00 | H9: 44150 | I9: 14190 | J9: 29.96 | K9: ST-SP-01 | L9: PASSED
A10: INB-261002-01 | B10: SJ-IMR-88910 | C10: RM-BEN-01 | D10: B 9421 UYT | E10: PT. Lintas Logistik Prima | F10: 2026-10-02 06:20:00 | G10: 2026-10-02 07:10:00 | H10: 44300 | I10: 14220 | J10: 30.08 | K10: ST-SP-01 | L10: PASSED
A11: INB-261002-02 | B11: SJ-IMR-88911 | C11: RM-BEN-01 | D11: B 9112 PKO | E11: PT. Lintas Logistik Prima | F11: 2026-10-02 07:50:00 | G11: 2026-10-02 08:35:00 | H11: 44210 | I11: 14180 | J11: 30.03 | K11: ST-SP-01 | L11: PASSED
A12: INB-261002-03 | B12: SJ-IMR-88912 | C12: RM-BEN-01 | D12: B 9554 TYA | E12: PT. Lintas Logistik Prima | F12: 2026-10-02 09:30:00 | G12: 2026-10-02 10:15:00 | H12: 44190 | I12: 14200 | J12: 29.99 | K12: ST-SP-01 | L12: PASSED

Sheet log_logistik_outbound
A1: TABEL: LOG_LOGISTIK_OUTBOUND
A2: id_outbound | B2: no_surat_jalan_out | C2: nama_customer | D2: no_polisi_truk | E2: id_fasilitas_asal | F2: waktu_mulai_loading | G2: waktu_selesai_dispatch | H2: level_silo_sebelum_ton | I2: tonase_keluar_ton | J2: level_silo_sesudah_ton | K2: tipe_pengiriman | L2: status_pengiriman
A3: OUT-261001-01 | B3: SJ-OUT-1001 | C3: PT. Semen Nusantara Utama | D3: L 9921 AB | E3: ST-SL-01 | F3: 2026-10-01 08:30:00 | G3: 2026-10-01 09:05:00 | H3: 40 | I3: 30 | J3: 10 | K3: Bulk Silo Truck | L3: DISPATCHED
A4: OUT-261001-02 | B4: SJ-OUT-1002 | C4: PT. Pengecoran Logam Perkasa | D4: B 9340 TYU | E4: ST-SL-01 | F4: 2026-10-01 10:30:00 | G4: 2026-10-01 11:00:00 | H4: 50 | I4: 30 | J4: 20 | K4: Bulk Silo Truck | L4: DISPATCHED
A5: OUT-261001-03 | B5: SJ-OUT-1003 | C5: PT. Geoteknik Fondasi Mandiri | D5: W 8820 PO | E5: ST-SL-01 | F5: 2026-10-01 12:30:00 | G5: 2026-10-01 13:05:00 | H5: 60 | I5: 30 | J5: 30 | K5: Bulk Silo Truck | L5: DISPATCHED
A6: OUT-261001-04 | B6: SJ-OUT-1004 | C6: PT. Pengecoran Logam Perkasa | D6: N 9122 JK | E6: ST-SL-01 | F6: 2026-10-01 14:30:00 | G6: 2026-10-01 15:00:00 | H6: 70 | I6: 30 | J6: 40 | K6: Bulk Silo Truck | L6: DISPATCHED
A7: OUT-261001-05 | B7: SJ-OUT-1005 | C7: PT. Semen Nusantara Utama | D7: L 9921 AB | E7: ST-SL-01 | F7: 2026-10-01 16:00:00 | G7: 2026-10-01 16:30:00 | H7: 50 | I7: 20 | J7: 30 | K7: Bulk Silo Truck | L7: DISPATCHED
A8: OUT-261002-01 | B8: SJ-OUT-1006 | C8: PT. Geoteknik Fondasi Mandiri | D8: W 8820 PO | E8: ST-SL-01 | F8: 2026-10-02 08:30:00 | G8: 2026-10-02 09:00:00 | H8: 45 | I8: 30 | J8: 15 | K8: Bulk Silo Truck | L8: DISPATCHED
A9: OUT-261002-02 | B9: SJ-OUT-1007 | C9: PT. Semen Nusantara Utama | D9: L 9921 AB | E9: ST-SL-01 | F9: 2026-10-02 10:30:00 | G9: 2026-10-02 11:05:00 | H9: 55 | I9: 30 | J9: 25 | K9: Bulk Silo Truck | L9: DISPATCHED
A10: OUT-261002-03 | B10: SJ-OUT-1008 | C10: PT. Pengecoran Logam Perkasa | D10: B 9340 TYU | E10: ST-SL-01 | F10: 2026-10-02 12:30:00 | G10: 2026-10-02 13:00:00 | H10: 65 | I10: 30 | J10: 35 | K10: Bulk Silo Truck | L10: DISPATCHED
A11: OUT-261002-04 | B11: SJ-OUT-1009 | C11: PT. Agro Kimia Perkasa | D11: AG 8221 UI | E11: ST-SL-01 | F11: 2026-10-02 14:30:00 | G11: 2026-10-02 15:10:00 | H11: 75 | I11: 30 | J11: 45 | K11: Jumbo Bag 1T | L11: DISPATCHED
A12: OUT-261002-05 | B12: SJ-OUT-1010 | C12: PT. Semen Nusantara Utama | D12: N 9122 JK | E12: ST-SL-01 | F12: 2026-10-02 16:15:00 | G12: 2026-10-02 16:45:00 | H12: 55 | I12: 20 | J12: 35 | K12: Bulk Silo Truck | L12: DISPATCHED

Sheet telemetri_produksi_scada
A1: TABEL: TELEMETRI_PRODUKSI_SCADA
A2: id_telemetri | B2: timestamp_record | C2: shift_kerja | D2: target_kapasitas_ton_jam | E2: aktual_output_ton_jam | F2: temp_rotary_dryer_c | G2: burner_flame_intensity_pct | H2: konsumsi_gas_mmbtu_jam | I2: konsumsi_listrik_kwh | J2: conveyor_speed_m_s | K2: vibrating_screen_status | L2: kondisi_scada
A3: SC-261001-07 | B3: 2026-10-01 07:00:00 | C3: Shift 1 | D3: 20 | E3: 19.8 | F3: 218.5 | G3: 92 | H3: 6.732 | I3: 98.4 | J3: 1.2 | K3: NORMAL | L3: RUNNING
A4: SC-261001-08 | B4: 2026-10-01 08:00:00 | C4: Shift 1 | D4: 20 | E4: 20.1 | F4: 222 | G4: 94.5 | H4: 6.834 | I4: 100.2 | J4: 1.25 | K4: NORMAL | L4: RUNNING
A5: SC-261001-09 | B5: 2026-10-01 09:00:00 | C5: Shift 1 | D5: 20 | E5: 20.05 | F5: 220.8 | G5: 93.8 | H5: 6.817 | I5: 99.8 | J5: 1.25 | K5: NORMAL | L5: RUNNING
A6: SC-261001-10 | B6: 2026-10-01 10:00:00 | C6: Shift 1 | D6: 20 | E6: 20.2 | F6: 223.1 | G6: 95 | H6: 6.868 | I6: 101.5 | J6: 1.25 | K6: NORMAL | L6: RUNNING
A7: SC-261001-11 | B7: 2026-10-01 11:00:00 | C7: Shift 1 | D7: 20 | E7: 19.95 | F7: 221.4 | G7: 93.2 | H7: 6.783 | I7: 99.1 | J7: 1.2 | K7: NORMAL | L7: RUNNING
A8: SC-261001-12 | B8: 2026-10-01 12:00:00 | C8: Shift 1 | D8: 20 | E8: 19.7 | F8: 219 | G8: 91.5 | H8: 6.698 | I8: 97.6 | J8: 1.2 | K8: NORMAL | L8: RUNNING
A9: SC-261001-13 | B9: 2026-10-01 13:00:00 | C9: Shift 1 | D9: 20 | E9: 20.2 | F9: 222.5 | G9: 94 | H9: 6.868 | I9: 100.9 | J9: 1.25 | K9: NORMAL | L9: RUNNING
A10: SC-261002-07 | B10: 2026-10-02 07:00:00 | C10: Shift 1 | D10: 20 | E10: 19.85 | F10: 219.5 | G10: 92.5 | H10: 6.749 | I10: 98.8 | J10: 1.2 | K10: NORMAL | L10: RUNNING
A11: SC-261002-08 | B11: 2026-10-02 08:00:00 | C11: Shift 1 | D11: 20 | E11: 20.15 | F11: 221.8 | G11: 94.2 | H11: 6.851 | I11: 100.5 | J11: 1.25 | K11: NORMAL | L11: RUNNING
A12: SC-261002-09 | B12: 2026-10-02 09:00:00 | C12: Shift 1 | D12: 20 | E12: 12.5 | F12: 195 | G12: 60 | H12: 4.25 | I12: 72.3 | J12: 0.75 | K12: WARNING | L12: BOTTLENECK

Sheet biaya_siklus_hpp
A1: TABEL: BIAYA_SIKLUS_HPP
A2: id_biaya_siklus | B2: tanggal_siklus | C2: shift_kerja | D2: output_tonase_ton | E2: jenis_energi_aktif | F2: biaya_raw_material_rp | G2: biaya_bahan_bakar_rp | H2: biaya_listrik_pln_rp | I2: biaya_forklift_solar_rp | J2: alokasi_sdm_rp | K2: biaya_maintenance_per_ton_rp | L2: total_hpp_per_ton_rp | M2: harga_jual_per_ton_rp | N2: gross_margin_per_ton_rp
A3: CST-261001-01 | B3: 2026-10-01 | C3: Shift 1 | D3: 140 | E3: PGN | F3: 501550000 | G3: 11190200 | H3: 1011220 | I3: 663320 | J3: 2675000 | K3: 139006 | L3: 3582500 | M3: 4350000 | N3: =M3-L3-K3 -> 628494
A4: CST-261002-01 | B4: 2026-10-02 | C4: Shift 1 | D4: 132.5 | E4: PGN | F4: 474681250 | G4: 10590725 | H4: 957048 | I4: 627785 | J4: 2675000 | K4: 139006 | L4: 3582500 | M4: 4350000 | N4: =M4-L4-K4 -> 628494
A5: CST-261003-01 | B5: 2026-10-03 | C5: Shift 1 | D5: 140 | E5: PGN | F5: 501550000 | G5: 11190200 | H5: 1011220 | I5: 663320 | J5: 2675000 | K5: 139006 | L5: 3582500 | M5: 4350000 | N5: =M5-L5-K5 -> 628494
A6: CST-261004-01 | B6: 2026-10-04 | C6: Shift 1 | D6: 140 | E6: CNG | F6: 501550000 | G6: 13342140 | H6: 1011220 | I6: 663320 | J6: 2675000 | K6: 139006 | L6: 3582500 | M6: 4350000 | N6: =M6-L6-K6 -> 628494
A7: CST-261005-01 | B7: 2026-10-05 | C7: Shift 1 | D7: 140 | E7: PGN | F7: 501550000 | G7: 11190200 | H7: 1011220 | I7: 663320 | J7: 2675000 | K7: 139006 | L7: 3582500 | M7: 4350000 | N7: =M7-L7-K7 -> 628494
A8: CST-261006-01 | B8: 2026-10-06 | C8: Shift 1 | D8: 140 | E8: PGN | F8: 501550000 | G8: 11190200 | H8: 1011220 | I8: 663320 | J8: 2675000 | K8: 139006 | L8: 3582500 | M8: 4350000 | N8: =M8-L8-K8 -> 628494
A9: CST-261007-01 | B9: 2026-10-07 | C9: Shift 1 | D9: 140 | E9: PGN | F9: 501550000 | G9: 11190200 | H9: 1011220 | I9: 663320 | J9: 2675000 | K9: 139006 | L9: 3582500 | M9: 4350000 | N9: =M9-L9-K9 -> 628494
A10: CST-261008-01 | B10: 2026-10-08 | C10: Shift 1 | D10: 140 | E10: PGN | F10: 501550000 | G10: 11190200 | H10: 1011220 | I10: 663320 | J10: 2675000 | K10: 139006 | L10: 3582500 | M10: 4350000 | N10: =M10-L10-K10 -> 628494
A11: CST-261009-01 | B11: 2026-10-09 | C11: Shift 1 | D11: 140 | E11: PGN | F11: 501550000 | G11: 11190200 | H11: 1011220 | I11: 663320 | J11: 2675000 | K11: 139006 | L11: 3582500 | M11: 4350000 | N11: =M11-L11-K11 -> 628494
A12: CST-261010-01 | B12: 2026-10-10 | C12: Shift 1 | D12: 140 | E12: PGN | F12: 501550000 | G12: 11190200 | H12: 1011220 | I12: 663320 | J12: 2675000 | K12: 139006 | L12: 3582500 | M12: 4350000 | N12: =M12-L12-K12 -> 628494

Sheet insiden_downtime_bottleneck
A1: TABEL: INSIDEN_DOWNTIME_BOTTLENECK
A2: id_insiden | B2: kategori_bottleneck | C2: deskripsi_kejadian | D2: waktu_mulai | E2: waktu_selesai | F2: durasi_jam | G2: output_hilang_ton | H2: biaya_sdm_menganggur_rp | I2: bahan_bakar_terbuang_rp | J2: kehilangan_laba_margin_rp | K2: total_kerugian_rp | L2: tindakan_perbaikan
A3: DWT-261002-01 | B3: Truk Macet | C3: Keterlambatan Truk Bentonite (Macet Tol Cikampek KM 52) | D3: 2026-10-02 09:15:00 | E3: 2026-10-02 12:45:00 | F3: 3.5 | G3: 70 | H3: 1337500 | I3: =F3*telemetri_produksi_scada!H3*master_bahan_baku!F11 -> 5513508 | J3: =G3*biaya_siklus_hpp!N3 -> 43994580 | K3: =SUM(H3:J3) -> 50845588 | L3: Pengalihan rute armada & koordinasi buffer stockpile
A4: DWT-261003-02 | B4: Mesin Rusak | C4: Bearing Roll Rotary Dryer Overheat (Suhu 245°C) | D4: 2026-10-03 13:00:00 | E4: 2026-10-03 15:00:00 | F4: 2 | G4: 40 | H4: 764286 | I4: =F4*telemetri_produksi_scada!H4*master_bahan_baku!F11 -> 3198312 | J4: =G4*biaya_siklus_hpp!N4 -> 25139760 | K4: =SUM(H4:J4) -> 29102358 | L4: Penggantian bearing darurat & re-greasing suhu tinggi
A5: DWT-261004-01 | B5: Lampu Mati | C5: Pemadaman Gardu Induk PLN (Trip Trafo 125 kVA) | D5: 2026-10-04 10:20:00 | E5: 2026-10-04 12:50:00 | F5: 2.5 | G5: 50 | H5: 955357 | I5: =F5*telemetri_produksi_scada!H5*master_bahan_baku!F11 -> 3987945 | J5: =G5*biaya_siklus_hpp!N5 -> 31424700 | K5: =SUM(H5:J5) -> 36368002 | L5: Sinkronisasi genset darurat & reset panel starter
A6: DWT-261005-01 | B6: Mesin Rusak | C6: Belt Conveyor 2 Robek Terkena Benda Tajam | D6: 2026-10-05 08:30:00 | E6: 2026-10-05 10:00:00 | F6: 1.5 | G6: 30 | H6: 573214 | I6: =F6*telemetri_produksi_scada!H6*master_bahan_baku!F12 -> 2874258 | J6: =G6*biaya_siklus_hpp!N6 -> 18854820 | K6: =SUM(H6:J6) -> 22302292 | L6: Penyambungan belt mechanical joint fast-lock
A7: DWT-261006-01 | B7: Truk Macet | C7: Antrean Timbang Pelabuhan Tanjung Perak Padat | D7: 2026-10-06 14:00:00 | E7: 2026-10-06 15:30:00 | F7: 1.5 | G7: 30 | H7: 573214 | I7: =F7*telemetri_produksi_scada!H7*master_bahan_baku!F11 -> 2380833 | J7: =G7*biaya_siklus_hpp!N7 -> 18854820 | K7: =SUM(H7:J7) -> 21808867 | L7: Dispatch armada cadangan dari depo penyangga
A8: DWT-261007-01 | B8: Mesin Rusak | C8: Sensor Flame Detector Burner PGN Kotor/Error | D8: 2026-10-07 11:15:00 | E8: 2026-10-07 12:00:00 | F8: 0.75 | G8: 15 | H8: 286607 | I8: =F8*telemetri_produksi_scada!H8*master_bahan_baku!F11 -> 1175499 | J8: =G8*biaya_siklus_hpp!N8 -> 9427410 | K8: =SUM(H8:J8) -> 10889516 | L8: Pembersihan probe sensor UV & kalibrasi ulang
A9: DWT-261008-01 | B9: Lampu Mati | C9: Fluktuasi Tegangan PLN Drop (Under-voltage Trip) | D9: 2026-10-08 09:00:00 | E9: 2026-10-08 10:00:00 | F9: 1 | G9: 20 | H9: 382143 | I9: =F9*telemetri_produksi_scada!H9*master_bahan_baku!F11 -> 1607112 | J9: =G9*biaya_siklus_hpp!N9 -> 12569880 | K9: =SUM(H9:J9) -> 14559135 | L9: Penyetelan relai proteksi voltage stabilizer
A10: DWT-261009-01 | B10: Truk Macet | C10: Truk Pengangkut Silo Rusak di Gerbang Timbang | D10: 2026-10-09 13:30:00 | E10: 2026-10-09 15:30:00 | F10: 2 | G10: 40 | H10: 764286 | I10: =F10*telemetri_produksi_scada!H10*master_bahan_baku!F11 -> 3158532 | J10: =G10*biaya_siklus_hpp!N10 -> 25139760 | K10: =SUM(H10:J10) -> 29062578 | L10: Penarikan kendaraan derek & buka jalur darurat
A11: DWT-261010-01 | B11: Mesin Rusak | C11: Vibrating Screen Choked (Penyumbatan Gumpalan) | D11: 2026-10-10 10:45:00 | E11: 2026-10-10 11:45:00 | F11: 1 | G11: 20 | H11: 382143 | I11: =F11*telemetri_produksi_scada!H11*master_bahan_baku!F11 -> 1603134 | J11: =G11*biaya_siklus_hpp!N11 -> 12569880 | K11: =SUM(H11:J11) -> 14555157 | L11: Pembersihan wire mesh screen & kontrol kadar air
A12: DWT-261011-01 | B12: Truk Macet | C12: Kendala Administrasi DO Soda Ash di Gudang Transit | D12: 2026-10-11 08:00:00 | E12: 2026-10-11 10:30:00 | F12: 2.5 | G12: 50 | H12: 955357 | I12: =F12*telemetri_produksi_scada!H12*master_bahan_baku!F11 -> 2486250 | J12: =G12*biaya_siklus_hpp!N12 -> 31424700 | K12: =SUM(H12:J12) -> 34866307 | L12: Percepatan kliring digital & pinjam buffer lokal

Sheet rekap_kinerja_eksekutif
A1: TABEL: REKAP_KINERJA_EKSEKUTIF
A2: id_rekap_kpi | B2: tanggal | C2: jam_operasional_efektif | D2: total_output_produksi_ton | E2: target_harian_ton | F2: capaian_target_pct | G2: total_rit_inbound | H2: total_rit_outbound | I2: efisiensi_pgn_vs_cng_rp | J2: kerugian_downtime_hari_ini_rp | K2: laba_kotor_harian_rp | L2: kumulatif_laba_bersih_rp | M2: progres_bep_capex_pct
A3: KPI-261001 | B3: 2026-10-01 | C3: 7 | D3: 140 | E3: 140 | F3: 100 | G3: 7 | H3: 5 | I3: 2151940 | J3: 0 | K3: 90355300 | L3: 45177650 | M3: 0.88
A4: KPI-261002 | B4: 2026-10-02 | C4: 6.63 | D4: 132.5 | E4: 140 | F4: 94.64 | G4: 6 | H4: 5 | I4: 2036657 | J4: 46515150 | K4: 85516368 | L4: 87935834 | M4: 1.71
A5: KPI-261003 | B5: 2026-10-03 | C5: 7 | D5: 140 | E5: 140 | F5: 100 | G5: 7 | H5: 5 | I5: 2151940 | J5: 43795476 | K5: 90355300 | L5: 133113484 | M5: 2.58
A6: KPI-261004 | B6: 2026-10-04 | C6: 7 | D6: 140 | E6: 140 | F6: 100 | G6: 6 | H6: 5 | I6: 0 | J6: 53725107 | K6: 87989160 | L6: 177108064 | M6: 3.44
A7: KPI-261005 | B7: 2026-10-05 | C7: 7 | D7: 140 | E7: 140 | F7: 100 | G7: 7 | H7: 5 | I7: 2151940 | J7: 37150454 | K7: 90355300 | L7: 222285714 | M7: 4.32
A8: KPI-261006 | B8: 2026-10-06 | C8: 7 | D8: 140 | E8: 140 | F8: 100 | G8: 7 | H8: 5 | I8: 2151940 | J8: 19935064 | K8: 90355300 | L8: 267463364 | M8: 5.19
A9: KPI-261007 | B9: 2026-10-07 | C9: 7 | D9: 140 | E9: 140 | F9: 100 | G9: 7 | H9: 5 | I9: 2151940 | J9: 18575227 | K9: 90355300 | L9: 312641014 | M9: 6.07
A10: KPI-261008 | B10: 2026-10-08 | C10: 7 | D10: 140 | E10: 140 | F10: 100 | G10: 7 | H10: 5 | I10: 2151940 | J10: 30505433 | K10: 90355300 | L10: 357818664 | M10: 6.95
A11: KPI-261009 | B11: 2026-10-09 | C11: 7 | D11: 140 | E11: 140 | F11: 100 | G11: 7 | H11: 5 | I11: 2151940 | J11: 26580086 | K11: 90355300 | L11: 402996314 | M11: 7.83
A12: KPI-261010 | B12: 2026-10-10 | C12: 7 | D12: 140 | E12: 140 | F12: 100 | G12: 7 | H12: 5 | I12: 2151940 | J12: 21897738 | K12: 90355300 | L12: 448173964 | M12: 8.7
